区县,名称,电话,联系人,邮编,地址,创建时间,房屋面积,服务项目
黄浦区,豫园街道会稽居委老年活动室,63280485,王予琦,200021,西藏南路439弄4号,2009-10,100,阅览，医疗咨询与健康教育，社区为老服务便民活动，老人康乐、兴趣小组活动，远程收视点
黄浦区,南京东路街道云中居委老年活动室,63224641,朱蕙娟,200001,贵州路131弄16号,1995-07,120,阅览，涉老法律咨询与宣传，医疗咨询与健康教育，社区为老服务便民活动，谈心服务，老人康乐、兴趣小组活动，远程收视点
黄浦区,豫园街道淮海居委老年活动室,63735814,李芷芹,200021,淮海东路89弄10号103室,2008-05,80,阅览，涉老法律咨询与宣传，医疗咨询与健康教育，谈心服务，老人康乐、兴趣小组活动，远程收视点
黄浦区,豫园街道侯家居委老年活动室,63289774,陈艳,200010,侯家路121弄3号,2007-01,40,阅览，涉老法律咨询与宣传，医疗咨询与健康教育，远程收视点
黄浦区,豫园街道广福居委老年活动室,63200266,林树英,200010,侯家路147号,2010-01,112,阅览，涉老法律咨询与宣传，医疗咨询与健康教育，社区为老服务便民活动，谈心服务，老人康乐、兴趣小组活动，远程收视点
黄浦区,豫园街道光启居委老年活动室,33070254,杨新娣,200010,县左街35号,2000-05,30,阅览，涉老法律咨询与宣传，医疗咨询与健康教育，社区为老服务便民活动，谈心服务，老人康乐、兴趣小组活动，远程收视点
黄浦区,豫园街道古城居委老年活动室,33070196,顾秀英,200010,丹凤路121号,2006-05,27,阅览，涉老法律咨询与宣传，医疗咨询与健康教育，社区为老服务便民活动，谈心服务，老人康乐、兴趣小组活动，远程收视点
黄浦区,豫园街道阜春居委老年活动室,63284222,郁仲福,200010,阜春街87号,2006-06,45,涉老法律咨询与宣传，医疗咨询与健康教育，社区为老服务便民活动，谈心服务，老人康乐、兴趣小组活动，远程收视点
黄浦区,半淞园路街道海西居委老年活动室,33768213,张丰,200011,海南西路51弄3号,2001-05,300,阅览，远程收视点
黄浦区,豫园街道方西居委老年活动室,63284714,许萍,200021,方浜西路63弄10号,2010-06,77,阅览，社区为老服务便民活动，谈心服务，老人康乐、兴趣小组活动，远程收视点
黄浦区,豫园街道丹马居委老年活动室,63301073,沈莉萍,200010,方浜中路63弄4号,2010-01,70,阅览，涉老法律咨询与宣传，医疗咨询与健康教育，谈心服务，老人康乐、兴趣小组活动，远程收视点
黄浦区,豫园街道长生居委老年活动室,63281340,柳莺,200010,长生街102号,2003-07,12,阅览，医疗咨询与健康教育，社区为老服务便民活动，谈心服务，远程收视点
黄浦区,半淞园路街道黄浦新苑老年活动室,63141293,裘可忠,200011,丽园路333弄9号北面,2008-12,100,阅览，涉老法律咨询与宣传，医疗咨询与健康教育，老人康乐、兴趣小组活动，远程收视点
黄浦区,豫园街道宝带居委老年活动室,63300460,周卫星,200010,梧桐路58号,2007-01,12,阅览，社区为老服务便民活动，谈心服务，远程收视点
黄浦区,半淞园路街道西三居委老年活动室,33183283,陈金凤,200011,西藏南路1374弄31号101室,1995-06,112,阅览，涉老法律咨询与宣传，医疗咨询与健康教育，社区为老服务便民活动，谈心服务，老人康乐、兴趣小组活动，远程收视点
黄浦区,半淞园路街道西二居委会议室兼活动室,33183344,任国芬,200011,西藏南路1374弄51号,2006-07,127,阅览，远程收视点
黄浦区,半淞园路街道中福二居委老年活动室,63145384,卢雪珍,200011,海潮路93弄1号307室,2006-07,127,阅览，涉老法律咨询与宣传，医疗咨询与健康教育，社区为老服务便民活动，谈心服务，老人康乐、兴趣小组活动
黄浦区,半淞园路街道益元居委多功能活动室,63136051,许基新,20001,中山南路1581号,2003-09,100,阅览，远程收视点
黄浦区,半淞园路街道迎勋居委老年活动室,53590143,张达华,20001,天柱山路138号,1996-10,100,阅览，老人康乐、兴趣小组活动
黄浦区,半淞园路街道车中居委多功能活动室,63084432,李小慰,20001,车站支路99弄5号,2011-01,100,阅览，远程收视点
黄浦区,半淞园路街道民立居委老年活动室,33050841,钱怡兰,200011,西藏南路1090弄1号,1996-10,100,阅览，医疗咨询与健康教育，老人康乐、兴趣小组活动
黄浦区,小东门街道南区居委老年活动室,63772566,钟芳华,200011,薛家浜路7号,2009-08,50,阅览，涉老法律咨询与宣传，医疗咨询与健康教育，社区为老服务便民活动，谈心服务，远程收视点
黄浦区,半淞园路街道中福一居委老年活动室,63773267,许满琴,200011,海潮路256弄6号,2010-01,105,阅览，涉老法律咨询与宣传，医疗咨询与健康教育，社区为老服务便民活动，谈心服务，老人康乐、兴趣小组活动，远程收视点
黄浦区,半淞园路街道保屯居委老年活动室,33183215,陈文英,200011,保屯路99弄6号,2007-07,100,阅览，涉老法律咨询与宣传，医疗咨询与健康教育，社区为老服务便民活动，谈心服务，老人康乐、兴趣小组活动
黄浦区,南京东路街道新昌老年活动室,63271091,宋勤,200003,新昌路87弄16号,1995-03,707,阅览，涉老法律咨询与宣传，医疗咨询与健康教育，社区为老服务便民活动，谈心服务，老人康乐、兴趣小组活动，远程收视点
黄浦区,南京东路顺天村老年活动室,63278452,陈忠华,200003,成都北路262弄5号101室,2000-03,117.9,阅览，涉老法律咨询与宣传，医疗咨询与健康教育，谈心服务，远程收视点
黄浦区,南京东路街道平望老年活动室,63221387,房春明,200001,广东路487号,2009-08,110,阅览，医疗咨询与健康教育，社区为老服务便民活动，老人康乐、兴趣小组活动，远程收视点
黄浦区,南京东路街道龙泉居委老年活动室,63222524,叶丽君,200001,浙江中路462号三楼,2004-10,240,阅览，涉老法律咨询与宣传，医疗咨询与健康教育，社区为老服务便民活动，谈心服务，老人康乐、兴趣小组活动，远程收视点
黄浦区,南京东路街道牛庄居民区活动室,63223819,叶伟珠,200231,牛庄路760号,2007-06,291,阅览，医疗咨询与健康教育，社区为老服务便民活动，谈心服务
黄浦区,南京东路街道贵州居委老年人活动室,63520624,潘秀霞,200001,北京东路850弄26号,1995-01,102,阅览，涉老法律咨询与宣传，医疗咨询与健康教育，社区为老服务便民活动，谈心服务，老人康乐、兴趣小组活动，远程收视点
黄浦区,南京东路街道厦门老年活动室,63517574,黄小宝,200001,厦门路136弄76号,1997-01,103,阅览，涉老法律咨询与宣传，医疗咨询与健康教育，社区为老服务便民活动，谈心服务，老人康乐、兴趣小组活动，远程收视点
黄浦区,南京东路街道三德居委老年活动室,33060095,余素珍,200003,新昌路445弄20号,2008-05,153,阅览，医疗咨询与健康教育，社区为老服务便民活动，谈心服务，老人康乐、兴趣小组活动，远程收视点
黄浦区,南京东路街道小花园居委,63605187,史隆妹,20001,浙江中路188弄P层,2000-05,250,阅览，社区为老服务便民活动，谈心服务，老人康乐、兴趣小组活动，远程收视点
黄浦区,南京东路街道福瑞居委老年活动室,63271440,宫夏秋,200003,新闸路66弄59号,2006-07,109,阅览，涉老法律咨询与宣传，医疗咨询与健康教育，社区为老服务便民活动，老人康乐、兴趣小组活动，远程收视点
黄浦区,南京东路街道福海居委老年活动室,63593985,刘秋芸,20000,黄河路333号,2004-08,150,阅览，老人康乐、兴趣小组活动，远程收视点
黄浦区,外滩街道金陵居委老年活动室,63280759,杨来娣,200002,福建南路129弄4号,2008-07,33,阅览，涉老法律咨询与宣传，医疗咨询与健康教育，谈心服务，远程收视点
黄浦区,外滩街道新建二村居委老年活动室,63282941,张健平,200001,广东路414弄3支弄4号,1998-01,80,阅览，涉老法律咨询与宣传，医疗咨询与健康教育，社区为老服务便民活动，谈心服务，老人康乐、兴趣小组活动，远程收视点
黄浦区,外滩街道昭通居委老年活动室,63229410,黄丽萍,200001,福州路272弄7号,2004-02,114.98,阅览，医疗咨询与健康教育，谈心服务，老人康乐、兴趣小组活动，远程收视点
黄浦区,外滩街道山北居委老年活动室,63292047,花菊蕙,200001,河南中路531弄24号,1996-03,56,阅览，社区为老服务便民活动，老人康乐、兴趣小组活动，远程收视点，助餐服务
黄浦区,外滩街道中山居委老年活动室,63210636,汪钰君,200002,延安东路150号,2004-06,374,阅览，涉老法律咨询与宣传，医疗咨询与健康教育，社区为老服务便民活动，谈心服务，老人康乐、兴趣小组活动，远程收视点，助餐服务
黄浦区,外滩街道无锡居委老年活动室,63221436,徐祖芳,200001,北无锡路40号,1996-12,81,阅览，涉老法律咨询与宣传，医疗咨询与健康教育，社区为老服务便民活动，谈心服务，老人康乐、兴趣小组活动，远程收视点，助餐服务
黄浦区,外滩街道宝兴居委老年活动室,63280751,徐蓓珺,200002,福建南路84弄7号,2009-10,192,阅览，涉老法律咨询与宣传，医疗咨询与健康教育，社区为老服务便民活动，老人康乐、兴趣小组活动，远程收视点，助餐服务
黄浦区,外滩街道福南咏年楼老年活动室,33317501,王帼敏,200002,浙江南路143弄16号3幢,2010-10,196,阅览，涉老法律咨询与宣传，医疗咨询与健康教育，社区为老服务便民活动，谈心服务，老人康乐、兴趣小组活动，助餐服务
黄浦区,外滩街道永安居委老年活动室,63288031,何凤翔,200002,永安路13弄24号,2000-03,101,阅览，涉老法律咨询与宣传，医疗咨询与健康教育，社区为老服务便民活动，谈心服务，老人康乐、兴趣小组活动，远程收视点
黄浦区,外滩街道社区文化活动中心,63295400,朱士平,200002,河南中路578号,2009-05,2850,阅览，涉老法律咨询与宣传，医疗咨询与健康教育，社区为老服务便民活动，谈心服务，老人康乐、兴趣小组活动，远程收视点
黄浦区,外滩街道云南居委老年活动室,63110018,李惠英,200021,永寿路119号,2001-04,20,阅览，涉老法律咨询与宣传，医疗咨询与健康教育，社区为老服务便民活动，谈心服务，老人康乐、兴趣小组活动，远程收视点，助餐服务
黄浦区,外滩街道汉口居委老年活动室,63217751,张如芳,200002,河南中路382弄10号,2003-08,75,阅览，涉老法律咨询与宣传，医疗咨询与健康教育，社区为老服务便民活动，谈心服务，老人康乐、兴趣小组活动，远程收视点，助餐服务
黄浦区,外滩街道山西居委老年活动室,63224564,屠和平,200001,汉口路429弄7号,2008-04,119.77,阅览，涉老法律咨询与宣传，医疗咨询与健康教育，社区为老服务便民活动，谈心服务，老人康乐、兴趣小组活动，远程收视点
黄浦区,外滩街道瑞福居委老年活动室,63263668,陆建芳,200021,延安东路401弄23号101室,2010-10,109,阅览，医疗咨询与健康教育，谈心服务，老人康乐、兴趣小组活动，远程收视点
黄浦区,外滩街道东风居委老年活动室,63224176,蒋玉静,200001,南京东路486弄15号,2007-05,56,阅览，涉老法律咨询与宣传，医疗咨询与健康教育，社区为老服务便民活动，谈心服务，老人康乐、兴趣小组活动，远程收视点
黄浦区,外滩街道宁波居委老年活动室,56307586 63502542,王佩林 季德凤,200002,宁波路120弄24号,2010-01,100,医疗咨询与健康教育，老人康乐、兴趣小组活动，远程收视点
黄浦区,小东门街道王码居委多功能活动室,63663613,朱国利,200010,赵家湾街21号,2005-05,105,阅览，社区为老服务便民活动，老人康乐、兴趣小组活动，远程收视点
黄浦区,小东门街道金坛居委多功能活动室,63773309,茅爱萍,200010,永泰街36号,2007-01,80,阅览，社区为老服务便民活动，远程收视点
黄浦区,小东门街道新码居委多功能活动室,33150012,邵黛凤,200010,豆市街4号,2011-03,50,阅览，医疗咨询与健康教育，社区为老服务便民活动，远程收视点
黄浦区,外滩街道虎丘居委老年活动室,63210419,蒋新民,200002,四川中路572弄19号,2005-05,82,阅览，医疗咨询与健康教育，社区为老服务便民活动，老人康乐、兴趣小组活动，远程收视点
黄浦区,外滩街道北京居委老年活动室,63210629,谢善娟,200002,北京东路288弄80号,2009-08,173,阅览，涉老法律咨询与宣传，医疗咨询与健康教育，社区为老服务便民活动，谈心服务，老人康乐、兴趣小组活动，远程收视点
黄浦区,半淞园路街道社区文化活动中心,63124382,郑云,200011,西藏南路1360号,2009-11,800,阅览，老人康乐、兴趣小组活动
黄浦区,老西门街道蓬莱居委老年活动室,33040074,周建国,200010,蓬莱374号,2011-01,400,阅览，医疗咨询与健康教育，社区为老服务便民活动，老人康乐、兴趣小组活动
黄浦区,老西门街道小桃园老年活动室,53570304,王明华,200010,西仓桥街112弄22号,2011-07,90,阅览，医疗咨询与健康教育，谈心服务
黄浦区,老西门街道文庙老年活动室,33050034,钱凤珠,200010,学西街19号,2010-09,220,阅览，医疗咨询与健康教育，社区为老服务便民活动，老人康乐、兴趣小组活动
黄浦区,老西门街道陆兴老年活动室,53570295,刘福珍,200010,迎勋路100弄9号,1998-01,200,涉老法律咨询与宣传，老人康乐、兴趣小组活动
黄浦区,老西门街道小西门居委活动室,53570001,艾亚玲,200010,蓬莱路374号,2010-01,200,阅览，医疗咨询与健康教育，社区为老服务便民活动，老人康乐、兴趣小组活动
黄浦区,南京东路街道新桥居委老年活动室,63273241,陈萍,200003,新桥路19弄4号,2010-11,110,阅览，社区为老服务便民活动，老人康乐、兴趣小组活动，远程收视点
黄浦区,南京东路街道振兴居委老年活动室,63274158,袁爱华,200003,重庆北路177弄64号,2006-06,101,阅览，老人康乐、兴趣小组活动，远程收视点
黄浦区,半淞园路街道耀江居委老年活动室,53590145,杨秀芳,200011,半淞园路619号,2008-09,110,阅览，医疗咨询与健康教育，谈心服务，老人康乐、兴趣小组活动，远程收视点
黄浦区,小东门街道青龙居委多功能活动室,63131181,汪梅蓉,200011,多稼路217号,1995-08,50,阅览，涉老法律咨询与宣传，医疗咨询与健康教育，社区为老服务便民活动，谈心服务，远程收视点
黄浦区,小东门街道府谷居委老年活动室,63770095,姜玉萍,200011,江阴街77号,2008-09,101,阅览，远程收视点，助餐服务
黄浦区,豫园街道泰瑞居委老年活动室,63288337,孔庆蕾,200010,金家坊47弄14号,2009-08,72,阅览，涉老法律咨询与宣传，医疗咨询与健康教育，谈心服务，远程收视点
黄浦区,外滩街道永胜居委老年活动室,63289832,李敏,200002,人民路518号,2011-06,80,阅览，涉老法律咨询与宣传，医疗咨询与健康教育，社区为老服务便民活动，谈心服务，老人康乐、兴趣小组活动，远程收视点
黄浦区,老西门街道艾家居委老年活动室,53570316,陈君兰,200010,艾家弄75号,2002-05,92,阅览，医疗咨询与健康教育，谈心服务
黄浦区,南京东路街道长江居委老年活动室,33060026,陆荣根,200003,北京西路239弄14号101室,2001-02,102,阅览，涉老法律咨询与宣传，医疗咨询与健康教育，社区为老服务便民活动，谈心服务，老人康乐、兴趣小组活动，远程收视点
黄浦区,南京东路街道江阴居委会老年活动室,63270706,谭耸岚,200003,江阴路105弄22号底层,2007-06,120,阅览，医疗咨询与健康教育，谈心服务，老人康乐、兴趣小组活动，远程收视点
黄浦区,半淞园路街道社区老年活动中心,63162597,王瑞颐,200011,瞿溪路120弄4号,2010,1600,阅览，医疗咨询与健康教育，社区为老服务便民活动，谈心服务，老人康乐、兴趣小组活动，远程收视点
黄浦区,老西门街道净土老年活动室,53570314,纪振芳,200011,河南南路555弄7号,1999-03,60,老人康乐、兴趣小组活动
黄浦区,南京东路街道定兴居委老年活动室,33110069,沈惠民,200003,牯岭路167号104室,2006-06,43,阅览，医疗咨询与健康教育，老人康乐、兴趣小组活动
黄浦区,南京东路街道承兴活动室,6327322,陈伟芬,200003,黄河路281弄10号,2000-05,100,阅览，医疗咨询与健康教育，谈心服务，老人康乐、兴趣小组活动
黄浦区,南京东路街道北海居委会老年活动室,63225232,金政一,200001,云南中路158弄7号,2001-04,47,阅览，涉老法律咨询与宣传，社区为老服务便民活动，谈心服务，远程收视点
黄浦区,南京东路街道宏泰金秋老年活动室,63271994,张玲玲,200003,大沽路186弄2号地下室,2001-12,420,阅览，老人康乐、兴趣小组活动
黄浦区,豫园街道老年活动室,63365961,潘玉芳,200010,方浜中路199弄14号,2005-01,300,阅览，涉老法律咨询与宣传，医疗咨询与健康教育，老人康乐、兴趣小组活动，远程收视点
黄浦区,豫园街道大境居委老年活动室,63288913,贺慧芸,200010,青莲街222号,2010-06,40,阅览，涉老法律咨询与宣传，医疗咨询与健康教育，谈心服务，远程收视点
黄浦区,豫园街道肇方居委老年活动室,53580704,杜雪娣,200010,南孔家弄36弄1号,2000-07,100,阅览，涉老法律咨询与宣传，医疗咨询与健康教育，社区为老服务便民活动，谈心服务，老人康乐、兴趣小组活动
黄浦区,豫园街道学院居委老年活动室,63289770,谢录妹,200010,昼锦路68号,2005-07,14,阅览，谈心服务，远程收视点
黄浦区,豫园街道同庆居委老年活动室,63284787,黄冠方,200010,金家坊111号,2010-03,40,阅览，谈心服务，远程收视点
黄浦区,豫园街道太阳都市居委老年活动室,33023206,吴筱芳,200010,河南南路398弄4号,2002-08,300,阅览，涉老法律咨询与宣传，医疗咨询与健康教育，社区为老服务便民活动，谈心服务，老人康乐、兴趣小组活动，远程收视点
黄浦区,小东门街道多稼居委多功能活动室,33766298,翟丽华,200011,丰记码头弄1号,1997-01,30,阅览，涉老法律咨询与宣传，医疗咨询与健康教育，社区为老服务便民活动，谈心服务，老人康乐、兴趣小组活动
徐汇区,田林十三村社区老年活动室,64081354,沈引娣,200233,田林十三村34号101室,2004-01,112,阅览，涉老法律咨询与宣传，医疗咨询与健康教育，社区为老服务便民活动，谈心服务，老人康乐、兴趣小组活动，远程收视点
徐汇区,徐汇区华泾镇联合居委北杨村老年活动站,54287618,沈林宝,200237,老沪闵路1226号,2001-01,176,阅览，社区为老服务便民活动，谈心服务
徐汇区,徐汇区华泾镇联合居委东湾村老年活动站,54826834,陆振东,200231,龙吴路2050弄36号,2001-01,320,阅览，涉老法律咨询与宣传，医疗咨询与健康教育，社区为老服务便民活动，谈心服务，老人康乐、兴趣小组活动
徐汇区,徐汇区华泾镇联合居委华浦村老年活动站,54824719,乔林华,200231,宅河头90号,2001-01,350,阅览，涉老法律咨询与宣传，医疗咨询与健康教育，社区为老服务便民活动，谈心服务，老人康乐、兴趣小组活动
徐汇区,徐汇区华泾镇华臻居委老年活动室,64966856,葛有林,200231,华发路333弄190,2010-08,290,阅览，涉老法律咨询与宣传，医疗咨询与健康教育，社区为老服务便民活动，谈心服务，老人康乐、兴趣小组活动，远程收视点
徐汇区,华欣家园社区老年活动室,64965056,徐耀平,200231,龙吴路2412号409室,2005-07,225,阅览，涉老法律咨询与宣传，医疗咨询与健康教育，社区为老服务便民活动，谈心服务，老人康乐、兴趣小组活动，远程收视点，助餐服务
徐汇区,华泾四村老年活动室（原华泾第二居委社区老年活动室）,64961291,宦荣兰,200231,华泾路880弄46号,2001-03,100,阅览，涉老法律咨询与宣传，医疗咨询与健康教育，社区为老服务便民活动，谈心服务，远程收视点，助餐服务
徐汇区,上海市徐汇区华泾绿苑社区老年活动室,34631138,孙莉颖,200231,华济路1号四楼,2011-03,350,阅览，涉老法律咨询与宣传，医疗咨询与健康教育，社区为老服务便民活动，谈心服务，老人康乐、兴趣小组活动，远程收视点
徐汇区,名苑老年活动室,54820866,陈志远,200231,龙吴路2525弄41-1号,2001-01,165,阅览，涉老法律咨询与宣传，医疗咨询与健康教育，社区为老服务便民活动，谈心服务，老人康乐、兴趣小组活动，远程收视点，助餐服务
徐汇区,华建居委会老年活动室,54308998,朱卫彪,200237,老沪闵路1296弄66号,1995-01,150,阅览，涉老法律咨询与宣传，医疗咨询与健康教育，社区为老服务便民活动，谈心服务，老人康乐、兴趣小组活动，远程收视点，助餐服务
徐汇区,华阳社区老年活动室,54821508,鲍金森,200231,上海徐汇区龙吟路455弄31号,1995-06,315.2,阅览，社区为老服务便民活动，谈心服务，老人康乐、兴趣小组活动，远程收视点，助餐服务
徐汇区,华泾镇社区老年活动室,64965289,居乃根,200031,华泾路999弄37号,2007-03,60,医疗咨询与健康教育，社区为老服务便民活动，老人康乐、兴趣小组活动，远程收视点
徐汇区,徐汇区华泾镇华发居委老年活动室,64961924,陈龙宝,200231,华发路180弄26号,1997-04,90,阅览，涉老法律咨询与宣传，医疗咨询与健康教育，社区为老服务便民活动，远程收视点
徐汇区,光华绿苑居委活动室,54821062,许剑南,200231,55弄62号101-103室,2004-10,160,阅览，涉老法律咨询与宣传，医疗咨询与健康教育，社区为老服务便民活动，谈心服务，老人康乐、兴趣小组活动，远程收视点，助餐服务
徐汇区,华泾五村多功能活动室,64960471,杨黎明,200231,华泾路1000弄36号,1999-05,150,阅览，医疗咨询与健康教育，老人康乐、兴趣小组活动，远程收视点
徐汇区,沙家浜居委老年活动室,54823608,杨余芳,200231,华济路2弄34号,1998-08,250,阅览，涉老法律咨询与宣传，医疗咨询与健康教育，社区为老服务便民活动，谈心服务，老人康乐、兴趣小组活动，远程收视点，助餐服务
徐汇区,徐汇区华泾镇明丰居委老年活动室,61284222,徐正亮,200231,华发路99弄66号,2008-03,250,阅览，涉老法律咨询与宣传，医疗咨询与健康教育，社区为老服务便民活动，谈心服务，老人康乐、兴趣小组活动，远程收视点，助餐服务
徐汇区,徐汇区华泾镇联合居委建华村老年活动站,54824818,宋新宝,200231,华泾路1305弄陆家宅50号,2001-01,369,阅览，涉老法律咨询与宣传，社区为老服务便民活动，谈心服务，老人康乐、兴趣小组活动
徐汇区,天平街道安亭居委老年活动室,64722150,印翔虎,200031,安亭路71号2室,2000-01,93,阅览，涉老法律咨询与宣传，医疗咨询与健康教育，社区为老服务便民活动，谈心服务，老人康乐、兴趣小组活动，远程收视点，助餐服务
徐汇区,广元居委第2老年活动室,64310705,陈雁,200030,天平路179弄3号,2004-01,42,阅览，社区为老服务便民活动
徐汇区,广元居委老年活动室,64310705,崔励华,200030,余庆路170号,2009-01,70,阅览，医疗咨询与健康教育，社区为老服务便民活动，谈心服务，老人康乐、兴趣小组活动，远程收视点
徐汇区,高安居委第2老年活动室,64152193,祝小曼,200030,高安路18弄23号,2006-01,45,阅览，涉老法律咨询与宣传，医疗咨询与健康教育，谈心服务，远程收视点
徐汇区,高安居委老年活动室,64152193,祝小曼,200030,吴兴路246弄,2004-01,75,阅览，涉老法律咨询与宣传，医疗咨询与健康教育，社区为老服务便民活动，谈心服务
徐汇区,肇嘉浜居委老年活动室,64333244,邵三陵,200031,襄阳南路499弄1号,2001-01,99,阅览，社区为老服务便民活动，谈心服务，老人康乐、兴趣小组活动，助餐服务
徐汇区,天平街道汇景苑居委老年活动室,54650389,张季英,200031,陕西南路888弄3号,2001-01,144.2,医疗咨询与健康教育，谈心服务，老人康乐、兴趣小组活动，助餐服务
徐汇区,襄南居委老年活动室,64375012,梅庆雯,200031,陕西南路550弄12号101室,2010-02,100,阅览，涉老法律咨询与宣传，医疗咨询与健康教育，社区为老服务便民活动，谈心服务，老人康乐、兴趣小组活动，远程收视点
徐汇区,吴兴居委老年活动室,64372546,柔美芬,200030,高安路100弄1号,2003-01,100,阅览，涉老法律咨询与宣传，医疗咨询与健康教育，社区为老服务便民活动，谈心服务，老人康乐、兴趣小组活动，助餐服务
徐汇区,正南居委老年活动室,54364204,刘宇卓,200237,石龙路818弄25号102室,2002-06,200,阅览，涉老法律咨询与宣传，医疗咨询与健康教育，老人康乐、兴趣小组活动，远程收视点
徐汇区,金谷园老年活动室,64865547,郑允强,200235,漕溪路125弄28号,2002-01,120,阅览，涉老法律咨询与宣传，医疗咨询与健康教育，社区为老服务便民活动，谈心服务，老人康乐、兴趣小组活动，助餐服务
徐汇区,漕河泾街道老年活动中心,64366118,蒋芝芳,200235,康健路135号,2002-01,3000,阅览，涉老法律咨询与宣传，医疗咨询与健康教育，社区为老服务便民活动，谈心服务，老人康乐、兴趣小组活动，远程收视点
徐汇区,老年活动室,64366118,蒋之芳,200235,龙吴路555弄12号,2009-10,100,阅览，谈心服务，老人康乐、兴趣小组活动，远程收视点，助餐服务
徐汇区,西街老年活动室,64082536,肖小弟,200235,康健路100弄20号108室,2001-12,110,阅览
徐汇区,天平居委老年活动室,62836471,陈俊毅,200031,天平路91弄1号105室,1995-01,45,阅览，涉老法律咨询与宣传，医疗咨询与健康教育，老人康乐、兴趣小组活动
徐汇区,太原居委老年活动室,64660418,韩良玉,200031,永嘉路495弄6号,2010-07,60,阅览，涉老法律咨询与宣传，医疗咨询与健康教育，社区为老服务便民活动，谈心服务，老人康乐、兴趣小组活动，远程收视点
徐汇区,永康居委第2老年活动室,64722798,严美玉,200031,永康路38弄61号101室,2006-07,56.91,阅览，涉老法律咨询与宣传，医疗咨询与健康教育，社区为老服务便民活动，谈心服务，老人康乐、兴趣小组活动，助餐服务
徐汇区,永康居委老年活动室,64722798,潘梅芬,200031,襄阳南路277弄5号102室,1995-01,80,阅览，涉老法律咨询与宣传，医疗咨询与健康教育，社区为老服务便民活动，谈心服务，老人康乐、兴趣小组活动，远程收视点
徐汇区,上海新村居委活动室,64716465,谢家瑜,200031,高安路1弄3号,1995-10,28,阅览，涉老法律咨询与宣传，医疗咨询与健康教育，社区为老服务便民活动，谈心服务，老人康乐、兴趣小组活动，远程收视点
徐汇区,宛平居委老年活动室,64720247,李秋风,200030,吴兴路270弄6号,2005-03,138,阅览，涉老法律咨询与宣传，医疗咨询与健康教育，社区为老服务便民活动，谈心服务，老人康乐、兴趣小组活动，远程收视点，助餐服务
徐汇区,德昌居委活动室,62816058,张怀慈,200030,天平路139弄甲号101室、102,2002-10,100,阅览，涉老法律咨询与宣传，医疗咨询与健康教育，社区为老服务便民活动，谈心服务，老人康乐、兴趣小组活动，远程收视点
徐汇区,汇成二村居委老年活动室,64236334,潘清,200231,汇成二村20号101室,1999-03,63.2,阅览，涉老法律咨询与宣传，医疗咨询与健康教育，社区为老服务便民活动，谈心服务，老人康乐、兴趣小组活动，远程收视点
徐汇区,园南一村老年活动室,64778550_,孙惠敏,200231,园南一村1号1幢101室,2003-09,70,阅览，涉老法律咨询与宣传，医疗咨询与健康教育，社区为老服务便民活动，谈心服务，老人康乐、兴趣小组活动，远程收视点
徐汇区,汇澜园居委会老年活动室,54111537,蒋玉英,200237,石龙路999弄汇京佳丽园2号,2005-07,500,阅览，涉老法律咨询与宣传，医疗咨询与健康教育，社区为老服务便民活动，谈心服务，老人康乐、兴趣小组活动，远程收视点
徐汇区,百龙居委老年活动室,54364043,崔惠娥,200231,龙吴路1137弄18号106室,2001-02,263,阅览，涉老法律咨询与宣传，医疗咨询与健康教育，社区为老服务便民活动，谈心服务，老人康乐、兴趣小组活动，远程收视点，助餐服务
徐汇区,爱建园社区老年活动室,64397493,袁筠,200235,田林东路80号,2008-05,223.23,阅览，涉老法律咨询与宣传，医疗咨询与健康教育，社区为老服务便民活动，谈心服务，老人康乐、兴趣小组活动
徐汇区,锦馨苑社区老年活动室,64277898,张慧玲,200336,古井路180号105室,2008-01,204.76,阅览，涉老法律咨询与宣传，医疗咨询与健康教育，社区为老服务便民活动，谈心服务，老人康乐、兴趣小组活动，远程收视点
徐汇区,万科华尔兹社区老年活动室,64832561,刘德仁,200233,漕宝路77弄10号101室,2008-10,192.86,阅览，涉老法律咨询与宣传，医疗咨询与健康教育，谈心服务，老人康乐、兴趣小组活动
徐汇区,虹梅街道高家浜老年活动室,64360984,史顺福,200233,漕宝路199弄50号,2007-08,140,阅览，涉老法律咨询与宣传，医疗咨询与健康教育，社区为老服务便民活动，谈心服务，老人康乐、兴趣小组活动
徐汇区,东兰居委老年活动室,64849040,陆爱法,201102,东兰路51弄2号102、103室,2005-01,120,阅览，涉老法律咨询与宣传，医疗咨询与健康教育，社区为老服务便民活动，谈心服务，老人康乐、兴趣小组活动，远程收视点
徐汇区,虹梅街道钦北老年活动室,64056459,黄伟强,201103,虹梅路2446号2楼,2005-01,315,阅览，涉老法律咨询与宣传，医疗咨询与健康教育，社区为老服务便民活动，谈心服务，老人康乐、兴趣小组活动
徐汇区,古美二居委老年活动室,_54264508,陈翰庆,201102,东兰路151弄5号,2004-04,218,阅览，涉老法律咨询与宣传，医疗咨询与健康教育，社区为老服务便民活动，谈心服务，老人康乐、兴趣小组活动，远程收视点
徐汇区,古美三居委老年活动室,64849039,王茉莉,201102,古美路1107弄50号101室,2005-01,112,阅览，涉老法律咨询与宣传，医疗咨询与健康教育，社区为老服务便民活动，谈心服务，老人康乐、兴趣小组活动，远程收视点，助餐服务
徐汇区,古美四居委老年活动室,64753882,郭季妹,201102,古美路1107弄64号102室,2005-04,112,阅览，涉老法律咨询与宣传，医疗咨询与健康教育，社区为老服务便民活动，谈心服务，老人康乐、兴趣小组活动，远程收视点
徐汇区,虹星社区老年活动室,64950193,王建敏,200233,苍梧路468弄28号3幢202室,2005-08,205,阅览，涉老法律咨询与宣传，医疗咨询与健康教育，社区为老服务便民活动，谈心服务，老人康乐、兴趣小组活动，远程收视点
徐汇区,康平居民委会老年活动室,64738025,刘殿田,200030,康平路114号,2007-08,40,阅览，涉老法律咨询与宣传，医疗咨询与健康教育，社区为老服务便民活动，谈心服务，老人康乐、兴趣小组活动
徐汇区,桃源村居委老年活动室,64377316,尤佳,200031,复兴中路1295弄3号、4号,2006-01,46,阅览，涉老法律咨询与宣传，医疗咨询与健康教育，社区为老服务便民活动，谈心服务，远程收视点
徐汇区,永嘉新村居委老年活动室,64973884,韩卫,200031,永嘉路580弄1号临1,1995-04,108,阅览，涉老法律咨询与宣传，医疗咨询与健康教育，谈心服务，老人康乐、兴趣小组活动，远程收视点
徐汇区,永太居委老年活动室,64331452,柯青,200031,永康路109弄10号1室,1995-01,100,阅览，医疗咨询与健康教育，社区为老服务便民活动，谈心服务，老人康乐、兴趣小组活动
徐汇区,建新社区老年活动室,64453025,汪培芬,200031,襄阳南路444弄10号,2006-01,244,阅览，涉老法律咨询与宣传，医疗咨询与健康教育，老人康乐、兴趣小组活动
徐汇区,建岳居委会老年活动室,5456115,陈佩丽,200031,建国西路506弄13号,2005-12,46,阅览，涉老法律咨询与宣传，医疗咨询与健康教育，社区为老服务便民活动，谈心服务，老人康乐、兴趣小组活动，远程收视点
徐汇区,嘉善居委老年活动室,64722762,冯晓云,200031,嘉善路101弄61号底楼,2011-05,59.2,阅览，涉老法律咨询与宣传，医疗咨询与健康教育，社区为老服务便民活动，谈心服务，老人康乐、兴趣小组活动，助餐服务
徐汇区,天平街道慎成居委第二老年活动室,64330087,黄丽萍,200031,襄阳南路357弄3号,1995-01,20,阅览，涉老法律咨询与宣传，医疗咨询与健康教育，社区为老服务便民活动，谈心服务，老人康乐、兴趣小组活动
徐汇区,天平街道慎成居委老年活动室,64330087,黄丽萍,200031,嘉善路169弄23号,1995-01,21,阅览，涉老法律咨询与宣传，医疗咨询与健康教育，社区为老服务便民活动，谈心服务，老人康乐、兴趣小组活动，远程收视点
徐汇区,徐汇区老年活动中心,64661000,刘晓燕,200031,湖南路301号,2006-01,446,阅览，涉老法律咨询与宣传，谈心服务，老人康乐、兴趣小组活动
徐汇区,湖南街道日间服务中心,54662550,沈雅君,200031,湖南路298弄2号,2009-01,576,阅览，涉老法律咨询与宣传，医疗咨询与健康教育，社区为老服务便民活动，谈心服务，老人康乐、兴趣小组活动，远程收视点，助餐服务
徐汇区,湖南街道多功能活动室,54652477,刘建朝,200031,湖南路301号,2000-01,60,阅览，医疗咨询与健康教育，社区为老服务便民活动，老人康乐、兴趣小组活动，远程收视点
徐汇区,华康活动室,64665844_,王雨羽,200031,湖南路280弄20号,1995-05,40,阅览，涉老法律咨询与宣传，医疗咨询与健康教育，谈心服务，老人康乐、兴趣小组活动
徐汇区,张家弄居委会老年活动室,64721652,曹秀娟,200031,复兴中路1252弄5号,1995-03,20,阅览，涉老法律咨询与宣传，医疗咨询与健康教育，社区为老服务便民活动，谈心服务，老人康乐、兴趣小组活动，远程收视点
徐汇区,新乐居委老年活动室,54039453,朱国金,200031,新乐路134弄1号,2000-03,45,阅览，涉老法律咨询与宣传，医疗咨询与健康教育，谈心服务，老人康乐、兴趣小组活动，远程收视点，助餐服务
徐汇区,延庆居委活动室,54037608,董瑛,200031,华亭路25号,2006-10,100,涉老法律咨询与宣传
徐汇区,武康居委老年活动室,64312725,徐宝英,200031,淮海中路1670弄14号,2006-08,115.4,阅览，涉老法律咨询与宣传，医疗咨询与健康教育，社区为老服务便民活动，谈心服务，老人康乐、兴趣小组活动，远程收视点
徐汇区,安福社区老年活动室,54037403,余志明,200031,安福路2750弄17号,2007-06,109,阅览，涉老法律咨询与宣传，医疗咨询与健康教育，谈心服务，老人康乐、兴趣小组活动，远程收视点
徐汇区,社区活动室,54048404,褚培方,200031,长乐路339弄甲11号,2002-10,40,阅览，涉老法律咨询与宣传，医疗咨询与健康教育，社区为老服务便民活动，谈心服务，老人康乐、兴趣小组活动，远程收视点，助餐服务
徐汇区,淮中居委活动室,64716154,李燕菁,200031,淮海中路1390弄1号,2006-05,150,阅览，涉老法律咨询与宣传，医疗咨询与健康教育，谈心服务，老人康乐、兴趣小组活动，远程收视点
徐汇区,湖南街道金波居委活动室,64661589,姜金芳,200031,五原路181弄2号,2002-08,30,阅览，涉老法律咨询与宣传，医疗咨询与健康教育，社区为老服务便民活动，谈心服务，老人康乐、兴趣小组活动，远程收视点
徐汇区,湖南街道淮海居委老年活动室,64371937,陈菁,200031,复兴中路1340弄,2004-09,40,阅览，涉老法律咨询与宣传，医疗咨询与健康教育，社区为老服务便民活动，谈心服务，老人康乐、兴趣小组活动
徐汇区,复中居委综合活动室,54653186,宋秀芳,200031,南昌路555号C103室,2009-11,104.7,阅览，涉老法律咨询与宣传，医疗咨询与健康教育，社区为老服务便民活动，谈心服务，老人康乐、兴趣小组活动，远程收视点
徐汇区,复永居委老年活动室,64372755,黄 佩,200031,永福路147弄33号,2000-01,83.4,阅览，涉老法律咨询与宣传，医疗咨询与健康教育，谈心服务，老人康乐、兴趣小组活动，远程收视点
徐汇区,复襄居委活动室,64374094,刘国振,200031,汾阳路9弄10号,1998-05,25,阅览，涉老法律咨询与宣传，医疗咨询与健康教育，社区为老服务便民活动，老人康乐、兴趣小组活动，远程收视点
徐汇区,兴武社区老年活动室,64710390,张秀云,200031,泰安路27弄6号,2008-07,100,阅览，涉老法律咨询与宣传，医疗咨询与健康教育，社区为老服务便民活动，谈心服务，老人康乐、兴趣小组活动，远程收视点
徐汇区,桂林苑社区老年活动室,64839571,陆亚萍,200233,钦州北路873号2楼,2003-08,120,阅览，涉老法律咨询与宣传，医疗咨询与健康教育，社区为老服务便民活动，谈心服务，老人康乐、兴趣小组活动，远程收视点
徐汇区,月季百藤居委老年活动室,54188220,刘丽娟,200233,桂平路88弄综合楼30号,2002-04,80,阅览，医疗咨询与健康教育，谈心服务，老人康乐、兴趣小组活动，远程收视点
徐汇区,长青坊居委会活动室,54193925,李乐娟,200233,桂林西街30弄17号,1995-01,40,阅览，医疗咨询与健康教育，谈心服务，老人康乐、兴趣小组活动，远程收视点
徐汇区,长虹坊老年活动室,54203921,周培鸿,200233,桂林西街11弄2号,2000-04,78,涉老法律咨询与宣传，医疗咨询与健康教育，社区为老服务便民活动，谈心服务，远程收视点
徐汇区,长丰坊居委社区活动室,54203917,叶伟芬,200233,桂林西街47弄62号,1995-01,70,阅览，涉老法律咨询与宣传，医疗咨询与健康教育，社区为老服务便民活动，谈心服务，老人康乐、兴趣小组活动
徐汇区,党校小区居民区老年活动室,64087020,周永芳,200233,虹漕南路300弄1号102室,2011-01,180,阅览，涉老法律咨询与宣传，医疗咨询与健康教育，谈心服务，老人康乐、兴趣小组活动，远程收视点
徐汇区,上师大新村居委会老年活动室,64322868,阚为民,200234,桂林路70弄51号13室,2001-10,200,阅览，医疗咨询与健康教育，谈心服务，老人康乐、兴趣小组活动
徐汇区,寿昌山居委老年活动室,54194235,陈望霞,200233,桂林西街151弄8号,2007-01,148,阅览，医疗咨询与健康教育，远程收视点
徐汇区,寿祥坊老年活动室,54193194,吴桐影,200233,桂林西街111弄4号301室,2008-07,320,阅览，涉老法律咨询与宣传，医疗咨询与健康教育，社区为老服务便民活动，老人康乐、兴趣小组活动，远程收视点
徐汇区,寿益坊居委活动室,54183927,周传荣,200233,桂林西街85弄45号,1998-09,180,阅览，涉老法律咨询与宣传，医疗咨询与健康教育，社区为老服务便民活动，谈心服务，老人康乐、兴趣小组活动，远程收视点
徐汇区,东湖社区老年活动室,54041980,金雅敏,200031,延庆路123弄7号,2000-03,40,老人康乐、兴趣小组活动，远程收视点
徐汇区,春华社区老年活动室,54046112,吴瑾_,200031,安福路49弄2号,2004-06,200,阅览，涉老法律咨询与宣传，医疗咨询与健康教育，谈心服务，老人康乐、兴趣小组活动，远程收视点
徐汇区,斜土社区文化活动中心,64163907,何宝林,200032,零陵北路1号4楼,2008-11,2561,阅览，老人康乐、兴趣小组活动
徐汇区,日新居委活动室,64430290,金钰芳,200032,零陵北路9弄1号103室,2004-01,140,阅览，涉老法律咨询与宣传，医疗咨询与健康教育，社区为老服务便民活动，谈心服务，老人康乐、兴趣小组活动，远程收视点，助餐服务
徐汇区,日六（1）居委社区活动室,64436036,顾里兰,200032,大木桥路450弄17号旁,2004-05,250,阅览，涉老法律咨询与宣传，医疗咨询与健康教育，社区为老服务便民活动，谈心服务，老人康乐、兴趣小组活动，远程收视点
徐汇区,恒益居委老年活动室,64033343,冯良,200032,斜土路1275弄9号101室,1998-10,180,阅览，涉老法律咨询与宣传，医疗咨询与健康教育，社区为老服务便民活动，老人康乐、兴趣小组活动，远程收视点
徐汇区,茶陵居委老年活动室,64045616,程晨惠子,200032,瑞金南路458号19幢103室,2002-05,114,阅览，涉老法律咨询与宣传，医疗咨询与健康教育，社区为老服务便民活动，谈心服务，老人康乐、兴趣小组活动，远程收视点
徐汇区,日五居委老年活动室,64160539,沈月红,200032,茶陵路225弄7号101室,1998-10,38.6,阅览，涉老法律咨询与宣传，医疗咨询与健康教育，社区为老服务便民活动，谈心服务，老人康乐、兴趣小组活动，远程收视点
徐汇区,大四居委老年活动室,64167162,李美芳,200032,大木桥路485弄5号101室,2003-11,75,阅览，涉老法律咨询与宣传，医疗咨询与健康教育，社区为老服务便民活动，谈心服务，老人康乐、兴趣小组活动，远程收视点
徐汇区,日二居委活动室,64431923,吴以雯,200032,日晖二村48、97号旁（两处）,2000-05,150,阅览，涉老法律咨询与宣传，医疗咨询与健康教育，社区为老服务便民活动，老人康乐、兴趣小组活动，远程收视点
徐汇区,江南居委活动室,64160796,乔文英,200032,大木桥路江南二村21号甲,2006-01,300,阅览，涉老法律咨询与宣传，医疗咨询与健康教育，社区为老服务便民活动，谈心服务，老人康乐、兴趣小组活动，远程收视点
徐汇区,大三居委活动室,64037675,张广菊,200032,茶陵路345弄34号101室,1998-10,100,阅览，医疗咨询与健康教育，社区为老服务便民活动，谈心服务，远程收视点
徐汇区,康巨居委老年活动室,64160595,陈汝权,200032,茶陵路71号,2006-07,90,阅览，医疗咨询与健康教育，谈心服务，老人康乐、兴趣小组活动，远程收视点
徐汇区,肇一居委老年活动室,64043347,蔡建祥,200032,肇嘉浜路193弄17号103室,2003-10,114.3,阅览，涉老法律咨询与宣传，医疗咨询与健康教育，社区为老服务便民活动，谈心服务，老人康乐、兴趣小组活动，远程收视点
徐汇区,大五居委老年活动室,64042160,马元斌,200032,清真路32号,2010-03,200,阅览，涉老法律咨询与宣传，医疗咨询与健康教育，老人康乐、兴趣小组活动，远程收视点
徐汇区,张东居委综合文化活动室,64431659,陈中鹤,200032,东安路50弄,2005-01,120,阅览，医疗咨询与健康教育，社区为老服务便民活动，老人康乐、兴趣小组活动，远程收视点
徐汇区,宛南一村社区老年活动室,64186556,张霞,200030,宛南一村26号,2003-01,100,阅览，涉老法律咨询与宣传，医疗咨询与健康教育，社区为老服务便民活动，谈心服务，老人康乐、兴趣小组活动，远程收视点
徐汇区,徐汇区枫林路街道张家浜居委老年活动室,64387373,吴昕,200032,宛平南路65弄,1997-01,130,阅览，涉老法律咨询与宣传，医疗咨询与健康教育，社区为老服务便民活动，谈心服务，老人康乐、兴趣小组活动
徐汇区,庄家宅社区老年活动室,64561150,董瑞瑞,200030,龙华西路480弄6号,2002-07,200,阅览，医疗咨询与健康教育，社区为老服务便民活动，谈心服务，老人康乐、兴趣小组活动，远程收视点
徐汇区,宛南五村社区老年活动室,64878841,朱琦,200030,宛南五村5号,2003-01,120,阅览，涉老法律咨询与宣传，医疗咨询与健康教育，社区为老服务便民活动，谈心服务，老人康乐、兴趣小组活动，远程收视点
徐汇区,宛南四村社区老年活动室,64876283,徐玉萍,200030,双峰路371号,2003-01,150,阅览，涉老法律咨询与宣传，医疗咨询与健康教育，社区为老服务便民活动，谈心服务，老人康乐、兴趣小组活动，远程收视点
徐汇区,宛三社区老年活动室,64695129,袁国良,200030,龙华路2379号,2006-10,150,阅览，涉老法律咨询与宣传，医疗咨询与健康教育，社区为老服务便民活动，谈心服务，老人康乐、兴趣小组活动，助餐服务
徐汇区,医清社区老年活动室,64180319,衡慧珠,200032,医学院路110弄33号,2005-08,100,阅览，医疗咨询与健康教育，社区为老服务便民活动，老人康乐、兴趣小组活动
徐汇区,徐汇苑社区老年活动室,64563520,戴敏珍,200030,天钥桥路968弄1号108室,2010-08,258,阅览，涉老法律咨询与宣传，医疗咨询与健康教育，谈心服务，老人康乐、兴趣小组活动，远程收视点
徐汇区,宛南六村社区老年活动室,64270032,徐维君,200032,宛南六村12号101室,2002-01,200,阅览，涉老法律咨询与宣传，医疗咨询与健康教育，社区为老服务便民活动，谈心服务，老人康乐、兴趣小组活动，远程收视点
徐汇区,天一、二居委老年活动室,64382324,陈慧瑛,200030,天钥新村29号,2001-03,150,阅览，涉老法律咨询与宣传，医疗咨询与健康教育，社区为老服务便民活动，谈心服务，老人康乐、兴趣小组活动，远程收视点
